Origin,airport_name,latitude,longitude
ORD,Chicago O'Hare International Airport,41.9742,-87.9073
LAX,Los Angeles International Airport,33.9416,-118.4085
ATL,Hartsfield-Jackson Atlanta International Airport,33.6407,-84.4277
DFW,Dallas/Fort Worth International Airport,32.8998,-97.0403
JFK,John F. Kennedy International Airport,40.6413,-73.7781
DEN,Denver International Airport,39.8561,-104.6737
EWR,Newark Liberty International Airport,40.6895,-74.1745
LAS,Harry Reid International Airport,36.0840,-115.1537
LGA,LaGuardia Airport,40.7769,-73.8740
IAH,George Bush Intercontinental Airport,29.9902,-95.3368
PHX,Phoenix Sky Harbor International Airport,33.4352,-112.0101
CLT,Charlotte Douglas International Airport,35.2140,-80.9431
MCO,Orlando International Airport,28.4312,-81.3081
SFO,San Francisco International Airport,37.6213,-122.3790
DTW,Detroit Metropolitan Wayne County Airport,42.2162,-83.3554
BOS,Logan International Airport,42.3656,-71.0096
MSP,Minneapolis-Saint Paul International Airport,44.8848,-93.2223
PHL,Philadelphia International Airport,39.8744,-75.2424
SLC,Salt Lake City International Airport,40.7899,-111.9791
CVG,Cincinnati/Northern Kentucky International Airport,39.0488,-84.6678
