Origin,total_flights,avg_taxi_out,avg_p95_taxi_out,overloaded_windows
ORD,334487,19.15,33.68,11809
LAX,212292,15.04,25.90,11383
ATL,407546,19.90,31.82,11284
DFW,273305,15.86,25.38,11266
JFK,114877,33.26,48.99,10896
DEN,238188,15.58,25.26,9914
EWR,133542,28.21,43.48,9469
LAS,170477,15.71,25.32,9063
LGA,113023,27.56,42.58,8649
IAH,181326,17.61,27.59,8219
PHX,197080,13.90,23.19,8197
CLT,123766,20.57,33.64,7431
MCO,129384,13.50,24.09,7036
SFO,137450,16.72,25.99,6739
DTW,158996,19.54,30.93,6664
BOS,113891,19.63,34.71,6603
MSP,128236,18.25,28.46,6207
PHL,98154,21.61,34.08,5905
SLC,137567,16.37,23.84,5785
CVG,89204,17.15,24.48,4464
