Origin,rows,MAE,bias
JFK,3121,13.503369,-3.512423
LGA,2888,11.458952,-6.667426
EWR,3366,10.902630,-1.283816
DTW,4116,9.529324,4.089531
PHL,2723,9.403973,-2.833941
SYR,268,9.085553,3.174567
BTV,193,8.843897,3.294407
ROC,276,8.800496,3.048751
GRB,175,8.393716,2.382572
ORD,8637,8.167645,1.087880
ATW,137,8.080528,4.069974
FWA,151,8.024634,2.238276
PWM,119,7.946540,3.068470
MSP,3294,7.930478,2.471697
HPN,277,7.893479,-2.277605
GRR,416,7.682035,3.539834
CID,279,7.565084,2.399539
MKE,1050,7.521414,2.677565
CLT,3419,7.515971,0.593669
SBN,142,7.514423,2.366773
