UniqueCarrier,Origin,carrier_origin_hist_taxi
YV,BUR,13.274431057563588
OO,CEC,13.044736842105262
US,DEN,16.06413043478261
CO,SJC,14.06163655685441
UA,SLC,16.356571428571428
CO,SRQ,16.221374045801525
US,SYR,13.518097207859359
WN,TPA,10.643167933898827
XE,TPA,15.686666666666667
OH,ALB,14.929969104016477
EV,LFT,13.2
XE,ORF,12.90380761523046
OO,CHS,15.668941979522184
YV,SAN,12.728260869565217
CO,DCA,17.42348510783978
AA,EWR,25.571752437089096
MQ,LAW,8.281512605042018
NW,MDW,17.1015625
9E,MOB,11.909424724602204
OO,OXR,11.202702702702704
US,SMF,12.564466105449712
OO,SMX,10.566849100860047
9E,COS,17.252173913043478
MQ,OKC,15.839669421487603
FL,PIT,13.481272447408928
YV,CPR,12.158924205378973
MQ,HSV,12.729383506805444
XE,CMH,14.850152905198776
YV,CAK,17.642105263157895
F9,ELP,11.0
DL,MKE,16.401785714285715
YV,PNS,12.34971098265896
9E,BOS,22.925028835063436
FL,CLT,18.42384428223844
XE,DAL,12.590924956369983
AA,DCA,15.56762897620957
UA,FLL,18.984549356223177
OH,GSO,16.185240217929667
B6,HPN,18.00185873605948
EV,ICT,12.136904761904763
OO,IDA,13.106628242074928
OO,OAK,13.051057246003094
DL,PBI,15.317816569686894
B6,PBI,15.235917312661499
MQ,SNA,13.549752999294284
9E,TVC,17.305797101449276
YV,PIT,19.053445850914205
MQ,SPS,9.92255125284738
EV,EWN,9.00502512562814
YV,SRQ,12.9
9E,RSW,15.944444444444445
OH,CAK,14.53448275862069
WN,ABQ,8.893274074074075
XE,BPT,10.392156862745098
MQ,DTW,21.242424242424242
9E,FSD,12.90561797752809
XE,LRD,11.145877378435518
DL,PHL,26.19626168224299
US,SAN,17.626884743163814
F9,SFO,15.40737951807229
XE,SHV,10.191435768261965
F9,SNA,14.21028466483012
UA,HNL,17.05098814229249
XE,LBB,12.305555555555555
AA,JAX,13.244897959183673
AA,HSV,11.895348837209303
OO,BFL,11.174682395644282
XE,LFT,13.51343132285859
OO,MSN,14.195188071840054
XE,PBI,12.254110612855008
NW,STL,16.397121083827265
OH,TUL,13.386138613861386
NW,BZN,16.64450867052023
9E,HSV,13.647887323943662
OH,CLE,20.03813559322034
9E,PWM,17.33644859813084
HA,SMF,12.77007299270073
AS,AKN,6.535714285714286
OO,LAN,17.553606237816766
CO,PVD,16.21875
XE,CLT,22.334195550957062
YV,EGE,14.102639296187684
B6,IAD,20.7772536687631
OH,MHT,16.901639344262296
MQ,PIT,15.836427939876216
B6,SEA,17.488974113135185
9E,XNA,15.21178432462479
MQ,EVV,12.693803159173754
9E,LSE,11.083044982698961
YV,OAK,11.357142857142858
OH,IAH,18.042721518987342
9E,BJI,11.150684931506849
OH,SCE,13.0
CO,SAV,41.2
9E,DFW,18.255520504731862
YV,TRI,19.9375
OO,AVP,13.984790874524714
XE,BFL,9.538975501113585
WN,ELP,8.730501236232861
CO,ELP,13.702886247877759
WN,HRL,7.05980528511822
CO,IAH,20.505777641371903
OH,LGA,36.75140549933558
AA,MEM,13.84055459272097
9E,MLI,13.355366027007818
EV,MSP,17.72463768115942
YV,YUM,15.481943532501642
MQ,HOU,12.004761904761905
OO,IYK,12.070911722141824
UA,STL,12.01500938086304
AA,BHM,12.474452554744525
US,ABE,12.152416356877323
AS,BOI,11.202702702702704
9E,ATW,15.881462799495587
XE,BOI,11.555299539170507
US,BWI,14.96209110363803
OO,GEG,11.337264150943396
9E,HPN,21.068464730290458
US,IND,15.415816326530612
UA,JAC,16.143939393939394
EV,LIT,12.970209884901829
XE,MSP,18.360934182590235
F9,PDX,11.400172860847018
YV,PHX,19.199242802462972
MQ,TYR,9.261904761904763
US,ANC,16.0630081300813
MQ,GGG,9.014511873350923
9E,IAH,19.28141592920354
YV,LAS,19.718800912349298
AA,RSW,12.863537906137184
B6,MSY,16.007717750826902
OO,PMD,13.22920517560074
UA,ICT,12.898924731182795
MQ,AUS,11.814308681672026
OH,BDL,17.843361986628462
DL,DFW,17.10172939979654
US,EWR,24.97842291094547
US,JAX,12.92961694176269
NW,LAS,19.23785984297761
WN,MHT,10.377744323171497
B6,OAK,13.555177743431221
AS,ONT,14.40929808568824
DL,SLC,21.072060682680153
XE,SJC,14.606770833333334
CO,SNA,12.141500474833808
OO,STL,13.565469293163384
EV,BHM,14.293637846655791
9E,CHA,12.471744471744472
YV,DTW,19.28007889546351
YV,LAN,16.676274944567627
NW,SLC,17.912364945978393
EV,IND,15.56712962962963
AS,OGG,12.197368421052632
9E,ALB,17.371584699453553
OH,SHV,10.0
US,BDL,14.019607843137255
DL,BOI,14.771760154738878
WN,DEN,12.512456999895758
US,DTW,17.254798464491362
HA,KOA,8.072078376487054
NW,MBS,12.814516129032258
WN,SEA,13.21539065567334
DL,SFO,19.95213076474022
MQ,XNA,13.863438256658595
MQ,ACT,9.005765534913516
NW,GFK,11.290679304897314
NW,MIA,17.955453149001535
OO,BZN,14.895715440582054
OO,FWA,18.96523517382413
9E,STX,19.695652173913043
YV,ASE,11.661753868828297
FL,BUF,12.65558912386707
NW,CMH,15.633093525179856
DL,LAX,19.60042643923241
MQ,LGA,30.037766450417053
NW,MKE,16.83630870639934
OO,MSO,11.673755437409376
CO,ORD,23.591339648173207
OO,BIS,9.77277599142551
YV,OKC,14.872417982989065
B6,SAN,18.11251504211793
MQ,STL,13.9053876478318
OH,LAN,14.546808510638298
9E,MKE,15.960526315789474
9E,SYR,20.20754716981132
NW,HDN,20.677083333333332
OO,BTV,15.544642857142858
NW,BUF,18.438193343898575
CO,FLL,20.711613945970907
WN,LAX,9.331241370653947
OO,LGB,14.48918083462133
FL,MCI,11.146739130434783
NW,MSP,18.93147228911715
XE,ONT,11.640713428228434
MQ,RST,12.777777777777779
FL,DCA,15.842156386595434
NW,GRR,13.689370078740158
YV,MTJ,12.924229808492923
9E,PFN,12.026119402985074
EV,ACY,12.211009174311927
B6,AUS,15.874697336561743
EV,BTR,10.768349817803227
YV,CLT,23.10047488127968
UA,EUG,10.196339434276206
NW,FNT,14.66025641025641
US,IAD,24.008652657601978
AA,IND,14.728060671722643
UA,RIC,12.644578313253012
WN,RNO,9.274079180618475
EV,ABY,8.6562123039807
EV,CLT,23.836501901140686
OH,GSP,15.47598719316969
DL,OKC,11.62439024390244
FL,PHX,13.74081055607917
XE,STL,13.776882993841781
EV,VLD,8.522189349112425
9E,PHL,27.43815331010453
9E,GFK,12.362694300518134
NW,TUS,13.915407854984894
NW,PSP,15.008333333333333
NW,ATL,21.095814977973568
NW,BNA,15.289940828402367
UA,BOS,19.36826950763029
OO,DTW,18.64032697547684
XE,DTW,23.370218579234972
AA,FLL,17.88922484881803
9E,FNT,12.35754189944134
DL,KOA,13.866666666666667
OO,MCI,13.55114372032801
WN,MDW,11.271358328211432
FL,MKE,12.41668773704172
FL,PHL,19.35785536159601
9E,RIC,16.057542768273716
OO,SUN,9.99185520361991
OO,EKO,12.235983263598326
AA,HNL,16.072443181818183
AS,LIH,12.161764705882353
EV,PIT,18.63711911357341
B6,RDU,16.541637990364762
OO,TWF,9.810014727540501
9E,DLH,14.65041782729805
OH,RSW,15.921195652173912
F9,TUS,9.779443254817988
EV,CHS,13.37406015037594
OO,ATW,12.13111668757842
DL,EWR,23.78705035971223
XE,MCI,12.91389432485323
UA,MCI,13.99521946979574
F9,MCI,11.180456490727533
EV,RIC,12.919263456090652
B6,SLC,17.38927738927739
9E,MBS,11.960648148148149
XE,SFO,19.043587594300085
CO,TUS,11.878989361702128
XE,MLU,9.037280701754385
YV,HSV,14.073921971252567
HA,SEA,15.9
YV,ONT,14.379746835443038
AS,BRW,5.128301886792453
DL,DAB,13.76
9E,PLN,13.298387096774194
OH,ABE,15.304568527918782
9E,CMX,15.52694610778443
CO,SDF,21.214285714285715
UA,BDL,17.122222222222224
YV,COS,14.785079051383399
XE,EWR,30.135615371781324
CO,JAX,18.884231536926148
DL,JFK,41.72594246031746
EV,MCO,15.573163327261687
XE,MGM,11.275720164609053
US,ORF,14.140873015873016
US,PDX,11.721823554242297
XE,RDU,13.409290646578782
EV,SAT,11.532438478747203
9E,SGF,13.589644513137557
US,SJC,13.921706516643226
9E,SWF,19.490530303030305
CO,BUF,13.874371859296483
US,ONT,14.423925667828106
9E,RHI,10.303703703703704
NW,ROC,19.293556085918855
9E,TLH,11.316073354908307
DL,OGG,12.398019801980197
NW,LIT,15.574018126888218
XE,MCO,14.939226519337016
YV,CWA,12.66109785202864
NW,DFW,18.45821325648415
EV,DTW,18.801498127340825
AA,IAD,17.445787545787546
NW,MEM,18.685296497514738
WN,OAK,9.351162921982613
NW,ORD,19.693962940824864
CO,PHX,13.236421725239616
YV,PSP,13.57029702970297
DL,RDU,15.167933130699089
CO,SFO,15.61128006635333
B6,SJU,16.70337477797513
YV,CLE,17.655703289013296
YV,MBS,14.599609375
OO,OTH,13.910714285714286
EV,SAV,13.254237288135593
FL,DAB,11.75
YV,MSY,13.06060606060606
WN,AMA,8.145894667975139
EV,AVP,13.021238938053097
9E,CAE,14.876699029126213
F9,CAK,11.611486486486486
AA,MCI,13.916479190101237
WN,MCO,10.78381819962778
EV,MLB,11.907003444316878
AA,ORF,13.189097103918229
UA,PHX,14.877891071872668
WN,SFO,13.703344971280549
EV,TUL,11.459795321637428
YV,BWI,15.911660777385158
OO,TVC,14.71360759493671
XE,GRK,13.848303393213573
UA,HDN,27.65625
F9,ANC,11.875
DL,AUS,13.876329787234043
OO,BOI,12.087580025608194
US,BOS,18.062152004454344
FL,MDW,12.620904089930638
OH,MSP,20.76065573770492
EV,MSY,11.216748768472906
AA,OAK,12.59656652360515
FL,PBI,11.529411764705882
CO,PBI,16.718056137410976
B6,RSW,15.643190921228305
DL,SAT,14.19047619047619
WN,SDF,9.249095295536792
AS,SEA,17.540450054884744
XE,ACK,19.77102803738318
DL,GSO,18.02061855670103
YV,PWM,16.009615384615383
XE,BDL,19.04475982532751
NW,BTR,14.539509536784742
NW,FAI,16.024390243902438
OO,CAK,18.395770392749245
F9,PBI,10.715789473684211
OH,ROA,14.2
OO,BDL,11.529636711281071
UA,CLT,22.27602158828065
F9,DAY,12.068014705882353
NW,DLH,12.339664804469274
EV,FLO,9.403508771929825
MQ,LFT,11.207897793263648
DL,MEM,16.84914285714286
XE,MTJ,12.604651162790697
AA,SMF,12.731730769230769
AA,STT,12.606690777576853
EV,AEX,11.386426592797784
B6,CLT,25.269523151347617
YV,JAX,13.951923076923077
UA,OKC,11.050955414012739
MQ,RIC,17.331337325349303
NW,MSY,14.60377358490566
UA,RAP,14.585585585585585
NW,OGG,14.277372262773723
B6,TUS,12.446153846153846
CO,ABQ,13.966216216216216
WN,ALB,9.591975982532752
YV,AUS,14.335718216840947
XE,DAY,14.599056603773585
MQ,GRK,8.285648574057038
MQ,JFK,32.82504638218924
YV,MDT,14.157252888318357
EV,MGM,11.488128106018774
DL,MIA,18.393509766855704
OH,MIA,21.00187617260788
DL,MSY,14.237281237281238
YV,PVD,17.248427672955973
EV,ROA,13.798456260720412
WN,SLC,12.44518044769301
OO,TUL,14.014318442153494
NW,MDT,16.318181818181817
EV,MEM,16.06217162872154
MQ,MTJ,11.456521739130435
OO,CPR,11.396360759493671
OH,DAY,13.399653979238755
EV,FWA,12.508965517241379
NW,JAC,18.982905982905983
XE,LGA,33.4987012987013
CO,SLC,16.62373371924747
DL,BZN,17.733333333333334
UA,PSP,13.493150684931507
9E,CHS,17.399317406143346
OH,CHS,17.716346153846153
US,CHS,19.1101243339254
FL,DEN,13.55240793201133
OO,FAT,10.49126213592233
EV,FAY,9.516002612671457
FL,FNT,10.904202719406674
MQ,FNT,15.834119496855346
OH,LEX,13.61340206185567
EV,SHV,10.481481481481481
DL,SNA,17.014971378247466
F9,ABQ,10.013227513227513
9E,FSM,11.581227436823104
NW,MYR,14.153153153153154
OH,PBI,17.60195758564437
OO,YUM,11.51672131147541
YV,SBP,11.450782997762863
EV,IAH,17.405405405405407
XE,MDT,11.456140350877194
9E,BGM,15.036190476190477
XE,BTR,13.10717299578059
B6,BUR,17.535087719298247
MQ,CMI,14.433397683397683
MQ,DAL,12.532844281427142
OO,DSM,12.89483282674772
MQ,ICT,14.868401486988848
AA,MSY,12.126613398893669
WN,ONT,8.62438035150969
US,SEA,16.47533333333333
DL,SMF,13.862332695984703
XE,SMF,11.745816503173687
OO,CID,12.249050873196659
MQ,LAS,19.924395161290324
AA,OMA,12.503169572107765
YV,MHT,16.286733238231097
UA,IND,15.65748031496063
OO,HOU,11.962264150943396
XE,MYR,17.95
OH,CLT,25.52077747989276
YV,EWR,22.444104134762632
OO,GSP,17.38144329896907
UA,LAX,17.292863040088065
MQ,MSN,15.673461823573017
CO,SAN,15.913059163059163
YV,SYR,16.142312579415503
AA,TPA,13.240369496855346
US,CMH,14.766769865841074
EV,FSM,12.554166666666667
DL,SJC,13.3492252681764
9E,STL,15.058
OO,IPL,10.056860321384425
9E,ROC,20.291417165668662
DL,HOU,15.10126582278481
CO,OKC,14.026859504132231
9E,CWA,11.990625
CO,EGE,23.031413612565444
DL,ANC,16.149837133550488
FL,BWI,12.967034848874047
FL,CAK,12.138672599184279
US,FLL,16.343949044585987
FL,LAS,15.996899911426041
XE,MRY,8.062611806797854
DL,PDX,13.726699029126214
WN,PHX,10.818584584429654
9E,SBN,14.901278409090908
MQ,SJC,12.93142857142857
WN,SNA,9.669467503543228
NW,PBI,15.73076923076923
OO,PHL,20.481873111782477
OO,HLN,10.747440273037542
UA,STT,13.808510638297872
US,SAT,13.02004008016032
OH,MSY,15.649484536082474
YV,DFW,17.878048780487806
9E,BIS,10.58485639686684
F9,BNA,12.278481012658228
WN,DAL,9.477194817268026
EV,DAY,13.316848281642917
OO,EWR,27.12565445026178
FL,EWR,24.774398868458274
US,PHX,17.96814478155837
EV,PNS,9.061538461538461
UA,SFO,19.3094579393792
F9,SLC,14.153759820426487
AA,TUS,11.726741922927209
OH,AZO,9.714285714285714
EV,CRW,11.559650824442288
OH,EWR,26.313964386129335
EV,PIA,16.02321083172147
XE,PWM,18.752037252619324
FL,RIC,11.590966122961104
YV,TLH,14.974137931034482
DL,ONT,15.78406466512702
9E,GRB,12.91454081632653
EV,MSN,12.746478873239436
US,TUS,11.11111111111111
OH,TRI,12.207692307692307
YV,ELP,13.878250591016549
9E,GRR,15.942934782608695
WN,LBB,8.055805580558056
AS,MIA,17.893382352941178
F9,MKE,13.237789203084834
DL,SEA,20.103278284446635
AS,SFO,18.45762711864407
NW,SYR,19.57493188010899
UA,CLE,19.476394849785407
XE,ELP,11.046852122986822
EV,EVV,10.24496644295302
AS,EWR,32.00922509225092
US,LIH,11.724137931034482
UA,ALB,16.848598130841122
XE,AMA,11.324125230202577
CO,ONT,13.045848822800496
NW,BIS,11.864864864864865
XE,CHA,11.445676274944567
9E,BUF,15.420118343195266
EV,FSD,11.596491228070175
CO,CHS,18.227272727272727
XE,ATL,19.208269525267994
WN,BUR,10.384605219689462
OH,CVG,17.70160857908847
DL,CVG,15.561687352245864
EV,HPN,18.059536934950387
WN,LAS,14.38612808929046
F9,LAX,12.417156286721504
B6,LGA,26.963534361851334
UA,MSY,12.193942354665364
UA,PDX,12.391829341919903
AS,PHX,15.979389615537059
B6,PSE,12.583187390542907
AA,SJC,12.853414264036418
FL,SJU,12.332784184514002
EV,TRI,10.937212863705973
9E,CAK,16.189839572192515
MQ,GRB,12.148097826086957
CO,CMH,16.59719222462203
OH,FSD,13.426195426195425
EV,DFW,14.08695652173913
US,ELP,13.46415770609319
DL,FCA,11.92
YV,AVP,16.585585585585587
YV,LIT,12.521739130434783
OH,LIT,12.67741935483871
XE,ALB,17.307515337423315
UA,ANC,14.846153846153847
9E,BDL,17.334716459197786
DL,BOS,21.656143580303727
YV,BOS,19.585858585858585
NW,GEG,15.851674641148325
9E,ICT,13.82002706359946
MQ,LRD,9.245853658536586
US,MCI,13.350682593856655
B6,MCO,16.837294152450447
OO,MSP,16.307013469577335
CO,MSY,13.272903942254302
WN,ORF,8.996430532674355
OO,PDX,10.050402427760918
NW,PIT,19.784729586426298
AA,KOA,11.630597014925373
XE,PHL,18.273026315789473
OH,STL,17.833333333333332
OO,BWI,12.283823529411764
UA,GSO,17.375647668393782
UA,ONT,12.924559932942163
YV,SAT,13.439814814814815
YV,MLI,14.618336886993603
OO,RKS,10.596385542168674
EV,ORD,18.857142857142858
9E,RST,12.375
EV,ABE,12.711890243902438
YV,DEN,17.448798484395255
OH,DFW,18.146778042959426
DL,FLL,20.6816229823782
DL,HNL,17.37941628264209
NW,IAD,19.617250673854446
DL,IAH,18.608352144469524
XE,JAN,10.745112237509051
UA,JAX,15.926829268292684
AS,LGB,15.246558197747184
US,MCO,14.926397343663531
DL,MOB,15.207236842105264
YV,OGG,8.810297029702971
WN,SAT,8.887737745477038
FL,SAV,10.788461538461538
XE,SYR,21.777304964539006
XE,BGR,24.545714285714286
OH,DSM,12.431472081218274
OO,LWS,9.86411889596603
UA,SJC,13.911904761904761
F9,OKC,9.55944055944056
OO,YKM,11.071216617210682
NW,PLN,9.0
OH,TOL,8.2
XE,AEX,14.5875
F9,ATL,17.101207056638813
OH,BOS,24.016196205460435
OO,COS,15.55688202247191
WN,PBI,9.706221547799696
MQ,PNS,11.003424657534246
CO,RSW,14.812015503875969
XE,SAV,15.394914374675661
OO,WYS,8.642585551330798
EV,BNA,17.04775828460039
9E,GPT,12.544368600682594
F9,MDW,14.652815013404826
YV,MYR,13.917900403768506
DL,LEX,17.68846153846154
XE,PNS,11.683651804670912
XE,RSW,12.993333333333334
AS,WRG,8.059615384615384
EV,JAX,11.125
XE,MSN,14.847191011235955
YV,BMI,19.24853228962818
EV,CSG,10.222222222222221
FL,FLL,15.186543701530077
EV,HHH,11.127407407407407
WN,MAF,7.99656121045392
AA,MFE,9.078185328185327
OH,MKE,15.277158774373259
US,MKE,16.04725897920605
OH,ORD,24.74750499001996
MQ,SDF,15.200498575498575
UA,SMF,13.042962356792144
9E,JAN,14.030959752321982
US,DAB,12.045454545454545
HA,PHX,13.514598540145986
YV,BDL,16.283540802213
F9,DFW,15.868489583333334
YV,LGB,16.339228295819936
WN,LIT,8.03072625698324
YV,MCI,14.607142857142858
EV,MCN,11.801029159519725
OO,OKC,12.798561151079136
UA,ORD,19.387557051661133
DL,RIC,15.317425885755604
AA,RNO,14.709677419354838
MQ,SGF,13.290322580645162
XE,XNA,13.211382113821138
AA,CMH,11.603691639522259
YV,GCC,14.25
OO,MOB,12.586776859504132
XE,BUF,16.83903860160233
WN,CLE,11.492314647377938
NW,DCA,16.998502673796793
DL,DTW,17.83879539415412
DL,MCI,15.25577156743621
OO,MKE,15.126471927655976
UA,PIT,17.044690052859202
OO,SAV,14.844907407407407
US,SAV,15.872897196261682
XE,SEA,17.558685446009388
FL,SFO,13.881562881562882
OO,SPI,13.0
B6,SYR,17.56086956521739
XE,EUG,11.603361344537815
OO,PIH,11.05616224648986
YV,MSN,17.52302025782689
DL,HSV,17.939560439560438
YV,ALB,15.492063492063492
9E,ITH,17.333333333333332
B6,BTV,16.766789667896678
NW,CLE,22.317251461988302
MQ,FSM,7.818939393939394
AS,GST,10.771084337349398
EV,LGA,31.670967741935485
MQ,OMA,15.771349862258953
AS,ORD,24.33086876155268
US,RIC,15.819064430714915
EV,VPS,11.716129032258065
US,BUR,14.390825688073395
B6,SWF,14.649466192170818
AA,EGE,24.406855439642325
MQ,GSP,12.922775601566872
NW,IAH,17.423018292682926
9E,SCE,15.904290429042904
AS,SNA,14.403531892461782
MQ,GSO,12.75631067961165
B6,ONT,12.983193277310924
AS,PSP,13.191640378548897
XE,PUB,29.5
NW,OKC,16.16923076923077
OH,HPN,30.5
DL,BHM,15.94862518089725
9E,CLE,19.620034542314336
AA,IAH,16.73393900064893
F9,LGA,26.059782608695652
UA,OGG,11.60949720670391
OO,SGU,9.837539432176657
XE,TLH,9.481092436974789
OH,CAE,11.898089171974522
US,RNO,13.118110236220472
OO,SYR,17.155210643015522
MQ,TXK,8.735644637053088
DL,JAC,16.29078014184397
AA,GSO,12.208333333333334
YV,FSD,14.872340425531915
AA,MTJ,17.666666666666668
OH,MCN,10.0
US,ABQ,15.285598705501618
EV,AGS,10.993961352657005
NW,GRB,14.590361445783133
FL,HPN,15.461393596986817
YV,KOA,9.464454976303317
OO,ONT,13.548693586698338
MQ,ORD,18.387095265561914
DL,RNO,14.391100702576113
OO,SAN,13.034259452684353
9E,SAV,15.625674217907228
DL,STT,15.439024390243903
OH,SYR,15.398843930635838
OO,MEM,17.73108709472346
OO,RDD,10.926070038910506
YV,SBA,11.783540802213002
B6,SMF,11.945068664169789
DL,SRQ,12.083059210526315
FL,STL,13.584627964022895
OH,TYS,13.999091734786557
DL,TLH,11.630357142857143
9E,FWA,13.68780971258672
MQ,SAV,13.07912457912458
EV,LWB,10.357615894039736
EV,MCI,14.125560538116591
OH,JAN,12.187301587301587
WN,BUF,8.97254592139048
EV,CID,16.2734375
9E,CMH,14.185939553219448
WN,CRP,8.738947368421053
EV,FNT,12.671317829457365
US,ILM,14.533457249070633
WN,JAN,7.798418972332016
FL,LAX,11.10911074740862
US,LGA,27.215745568300314
DL,LGA,30.134277310349546
NW,MCI,15.432980972515857
YV,ORD,21.035661133371494
AS,OTZ,5.867899603698811
B6,PWM,16.30901287553648
NW,VPS,14.22716049382716
XE,AUS,12.88679245283019
NW,FSD,15.5175983436853
EV,GTR,9.910384068278805
US,STL,14.964285714285714
9E,SDF,15.035618279569892
YV,DSM,15.24476295479603
9E,HLN,17.188284518828453
DL,GSP,17.288732394366196
OO,GSO,14.2
YV,TYS,14.290909090909091
XE,BOS,25.355504587155963
EV,DAB,12.401769911504426
US,DCA,18.17395534893778
MQ,DSM,12.85784716516023
9E,DTW,20.539508329205663
WN,DTW,12.25835322195704
OO,IAH,18.493070362473347
WN,ISP,8.939759036144578
YV,LIH,8.586839749328558
XE,MEM,16.577274533174414
OO,OMA,13.725033288948069
EV,OMA,12.74126455906822
YV,ROC,15.378194207836456
F9,TPA,14.302752293577981
DL,MSP,17.030126336248784
AS,SAN,17.654050464807437
OO,CWA,12.077429983525535
OO,HSV,14.365384615384615
NW,LAN,13.661103979460847
NW,AZO,15.274358974358975
AS,HNL,19.01851851851852
AA,LIH,10.800738007380074
XE,PSP,11.461077844311378
CO,MDW,21.983333333333334
9E,GTF,12.367021276595745
AA,ABQ,11.588585017835909
NW,DTW,21.468352956828312
OO,EUG,10.77211009174312
UA,EWR,28.331903945111492
OO,IND,16.798541476754785
US,JFK,32.855109961190166
HA,LAX,14.286585365853659
OO,MLI,13.193788819875776
WN,OMA,8.932687531048186
9E,SHV,13.06769825918762
DL,TPA,15.17095980311731
9E,ELM,13.360655737704919
F9,FLL,18.554054054054053
YV,FAT,11.122340425531915
9E,BTR,12.43
NW,ABQ,15.826429980276133
CO,IND,18.473895582329316
HA,SFO,16.67765567765568
OO,BUF,15.744755244755245
US,SDF,14.76923076923077
OO,ATL,22.056349642660802
9E,AZO,13.422336328626445
WN,BHM,8.940290099985917
AA,BOS,17.913052721088434
9E,DSM,13.73229995810641
DL,IND,16.484536082474225
B6,LAS,20.695468914646998
OH,MDW,18.364963503649633
FL,TPA,12.178157940210818
OO,MBS,16.04260651629073
YV,RDU,18.30607966457023
AA,XNA,12.674679487179487
XE,HRL,12.363636363636363
US,OGG,11.1247311827957
F9,SEA,14.384413309982486
DL,EGE,22.508333333333333
US,SRQ,11.277777777777779
XE,CVG,18.733597285067873
FL,GPT,9.962928637627433
CO,MYR,18.324468085106382
AA,PHL,25.55426164519326
MQ,PVD,15.893740902474526
MQ,SAN,12.352742765844132
OH,SAV,16.749058025621704
UA,SNA,16.420642344870597
MQ,VPS,11.985654512851166
OH,BGR,15.912743972445465
AA,PBI,14.121475054229935
YV,RAP,10.95514511873351
YV,CHS,16.820080862533693
UA,CMH,16.00299401197605
AA,JAC,20.049180327868854
OH,MCO,17.34731934731935
AA,FAT,11.613333333333333
EV,IAD,17.078853046594983
YV,MFR,11.309859154929578
NW,ANC,19.02179487179487
OO,BNA,14.945421467556095
WN,BNA,9.675979714153987
AA,BWI,14.527061855670103
NW,IND,18.285139828184974
UA,LAS,18.94959653841656
HA,LIH,6.340655030398117
FL,MEM,11.960227272727273
OO,PHX,14.802810715854195
AA,PSP,12.811338289962825
NW,SAN,20.016129032258064
AA,SDF,12.926829268292684
OH,BTV,19.53936545240893
UA,CVG,19.250915750915752
YV,SPI,15.607709750566894
NW,KOA,17.23722627737226
YV,GUC,11.598194130925508
OH,SDF,14.726923076923077
CO,MTJ,16.518072289156628
9E,MDT,17.577720207253886
CO,ANC,12.80524861878453
MQ,BOS,19.422372227579558
AA,BUR,13.852119958634953
DL,CHS,14.738527214514408
YV,EUG,12.159003831417625
B6,FLL,20.53059263214095
OO,LAX,16.335986338547862
OO,LNK,11.409161091096243
MQ,MKE,16.588045977011493
OO,PIT,15.80489375402447
UA,RNO,13.457908163265307
OO,SBP,10.160857908847184
US,OMA,14.301694915254238
OO,RDU,14.832635983263598
9E,PNS,12.521356783919598
XE,ICT,11.45
F9,BDL,12.981308411214954
AA,ANC,15.251655629139073
YV,PHL,27.22520107238606
XE,CRW,11.107723577235772
WN,IAD,13.498279421885753
EV,LAW,11.141388174807197
AA,LGA,29.186064924782265
CO,MCO,16.9221258534785
UA,MCO,16.339555721485905
MQ,MOB,9.495121951219513
F9,OMA,11.683385579937305
CO,SJU,13.019241982507289
DL,SJU,16.372688477951638
B6,TPA,16.554281345565748
AS,DCA,16.697560975609758
MQ,GPT,10.521698113207547
OO,GTF,10.132164531355361
CO,JFK,29.41264367816092
XE,CLL,11.350597609561753
HA,SJC,13.419117647058824
UA,BUR,14.166442953020134
DL,CAE,18.26277372262774
NW,CLT,18.985590778097983
DL,COS,16.392473118279568
OO,CVG,18.828486646884272
UA,DTW,19.288299155609167
UA,GEG,12.563492063492063
9E,LAN,14.469604863221884
XE,MAF,11.366071428571429
US,MYR,15.84194977843427
CO,PHL,16.900134952766532
OO,PSC,10.836940110719677
9E,ROA,16.06003752345216
YV,TVC,14.037946428571429
EV,LEX,11.327184466019418
EV,OAJ,10.083756345177665
EV,DCA,15.463157894736842
NW,SRQ,14.5625
XE,BNA,14.61103448275862
MQ,CMH,16.312632594021213
YV,COD,14.172161172161172
XE,COS,14.93032159264931
FL,IAD,15.620275944811038
DL,SAV,13.745245466607695
OO,SGF,14.61845972957084
MQ,TOL,13.687436159346271
MQ,TUL,12.263202725724021
XE,DSM,11.98297213622291
OO,SLE,12.48068669527897
UA,ABQ,12.173515981735159
EV,MOB,10.884677419354839
UA,DAY,20.543543543543542
UA,TUS,11.024064171122994
OH,PFN,9.303030303030303
FL,BOS,16.87687216997562
9E,CID,13.752351097178684
FL,MSP,13.072911392405063
US,PHL,25.255508527324785
UA,PVD,16.137026239067055
OO,SEA,12.09279705573081
OO,SFO,17.32060720796522
WN,SJC,9.43718715070224
AS,TUS,11.886039886039885
UA,BUF,14.212940212940213
NW,DEN,17.13394495412844
MQ,LSE,12.871402877697841
XE,SAT,11.952955870108243
MQ,SBA,10.495305164319248
AS,BOS,24.453580901856764
DL,BUF,15.895454545454545
OH,DAB,16.0126582278481
US,STX,11.833333333333334
OH,ATL,24.08269230769231
OH,AVL,12.536912751677852
DL,BDL,16.552012545739675
XE,CAE,14.738175675675675
US,CLT,19.47770856662934
AA,CLT,17.626174981923356
XE,DCA,19.44123076923077
MQ,DFW,16.441590304463492
OO,DFW,17.39650872817955
HA,LAS,17.388990825688072
AS,LAS,19.964180085442
AA,PHX,13.513595874355367
YV,SAV,16.11895708853884
NW,SFO,17.844758064516128
XE,TYS,12.56597774244833
UA,BIL,10.227393617021276
9E,BNA,16.0374251497006
OH,CID,16.027397260273972
FL,JAX,12.276272306675478
NW,RAP,13.346555323590815
OH,PWM,17.765498652291104
NW,FCA,16.06930693069307
US,AUS,13.298986486486486
NW,GPT,14.36150234741784
OH,EVV,10.766355140186915
YV,ATL,24.071916010498686
AS,BUR,14.283759124087592
WN,BWI,10.65753891603227
MQ,CRP,9.612592172433352
DL,DCA,21.062097092487832
EV,MEI,12.062626262626262
OO,PIA,15.854347826086956
FL,RDU,12.169442433019551
9E,CLT,21.50281214848144
HA,SAN,15.5984555984556
EV,TYS,13.829644533869885
AS,MCO,16.549422336328625
OH,PVD,17.16117216117216
AA,STX,11.310344827586206
YV,JAC,13.2008547008547
YV,HDN,21.668639053254438
MQ,BTR,10.775474194971327
OO,FCA,13.595839524517087
UA,FSD,12.084291187739463
XE,IND,16.84133611691023
EV,LAN,18.75
F9,MCO,16.47833065810594
EV,MIA,18.294642857142858
9E,MSN,15.06416584402764
OH,ORF,16.191836734693876
FL,ROC,11.660231660231661
DL,SAN,17.970080197409008
NW,SEA,19.062532433834978
B6,SFO,19.928474114441418
US,BNA,13.450148075024678
9E,EVV,12.64709595959596
F9,DTW,17.04862842892768
UA,EGE,22.257861635220127
OH,GRR,17.119834710743802
UA,MIA,17.529032258064515
YV,SNA,11.58695652173913
OO,BLI,12.260504201680673
MQ,AEX,9.432778489116517
AS,ANC,13.201681385869565
DL,ATL,21.33008373042266
EV,BGR,14.359375
XE,BHM,13.615474794841735
F9,BOI,13.908653846153847
AS,DEN,17.367395156526875
CO,LAS,16.452658884565498
XE,LEX,14.667083854818523
NW,MCO,18.58773309368681
MQ,MLU,8.99330655957162
UA,OMA,13.114629258517034
XE,RIC,15.640094711917916
9E,TUL,17.44432490586337
WN,TUS,8.606905465288035
OH,BHM,15.917637271214643
AA,SLC,16.785476718403547
OO,COD,11.257668711656441
F9,SAT,9.877906976744185
EV,STL,14.315420560747663
EV,ROC,13.317401960784315
FL,MIA,13.675314465408805
OO,SBN,14.395470383275262
EV,ISP,14.142156862745098
NW,BDL,18.196711685261302
MQ,CVG,17.903087885985748
9E,CVG,16.42061742006615
UA,IAH,17.205179282868524
B6,LGB,15.138079517726425
CO,MCI,16.384615384615383
UA,MHT,17.779242174629324
EV,MKE,13.671654929577464
WN,PVD,10.351714708898257
OH,ROC,18.217838765008576
YV,SLC,14.432865731462925
CO,TUL,14.018648018648019
NW,BOI,18.367816091954023
XE,DAB,15.6
YV,GSP,16.295353982300885
NW,ORF,14.049423393739703
NW,RSW,15.133333333333333
AA,OGG,11.224844720496895
UA,PBI,13.240157480314961
OH,BNA,16.713200379867047
DL,MLB,12.576991150442478
DL,LIT,13.713541666666666
OO,RFD,18.666666666666668
AS,RNO,12.517857142857142
DL,MTJ,19.25
OO,BIL,11.114161849710984
MQ,BWI,17.364433811802233
AS,CDV,7.787313432835821
OO,DEN,18.88820064707021
AA,DTW,17.66470994475138
AS,FAI,11.084231423709586
B6,JFK,32.73121198411501
AA,LAS,16.82424916573971
US,LAX,14.47094849246231
UA,MDT,13.203703703703704
UA,PHL,24.82977118430978
9E,PIT,17.419518963922293
B6,ROC,16.024028268551238
XE,SAN,10.685370741482966
9E,ALO,15.176190476190476
B6,BQN,11.749450549450549
9E,HOU,14.980707395498392
FL,MLI,11.867631851085832
9E,CRW,13.241379310344827
UA,GUC,17.26530612244898
UA,MTJ,17.571428571428573
US,BOI,14.631683168316831
XE,CLE,15.43494370813738
DL,CMH,13.718434343434344
AS,DFW,19.94814814814815
YV,IAD,22.890283501935805
OH,IND,16.19964349376114
OO,LEX,15.606090373280942
NW,LGA,30.19640694388373
CO,MFE,12.389694041867955
EV,OKC,11.979690522243713
DL,ORD,22.742487637885127
XE,RNO,12.409574468085106
9E,DAY,15.266487213997308
EV,GSO,13.46345975948196
B6,ACK,17.813084112149532
9E,LIT,15.973630831643002
OH,CHA,9.848837209302326
AA,GUC,13.811111111111112
OO,ABE,15.419230769230769
AS,BET,6.448230668414155
NW,BWI,16.21496486151302
MQ,CLE,19.514757219930182
AA,DFW,16.021393293697166
OO,DRO,11.664095371669005
OO,FNT,9.163768115942029
NW,LAX,16.22504159733777
AA,MIA,17.492846473029047
YV,RIC,16.968287526427062
XE,SLC,18.296508456082925
WN,SMF,8.876211536651924
AA,TUL,13.899167032003508
MQ,ALB,16.49122807017544
CO,BQN,11.272058823529411
YV,IAH,17.544475920679886
US,SLC,16.069979006298112
YV,GEG,11.25
9E,INL,10.971830985915492
XE,PDX,12.848214285714286
9E,FLL,21.154135338345863
NW,LSE,11.706896551724139
YV,STL,14.724264705882353
9E,LNK,11.987654320987655
YV,ABQ,14.656565656565656
XE,ABE,11.39344262295082
OO,FAR,14.435668156979633
9E,GSP,13.814624098867148
WN,IND,10.815144325820482
FL,IND,12.501349892008639
AS,JNU,13.501328609388839
FL,LGA,26.871025437201908
EV,MYR,8.338246702870443
OO,CLD,10.099120234604106
AS,SMF,12.99345977763244
DL,TUS,12.632936507936508
OO,CRW,14.378968253968255
DL,GEG,14.43879907621247
XE,BRO,11.14804469273743
CO,BTR,14.711711711711711
NW,MOT,11.611590628853268
MQ,MQT,12.086770981507824
CO,ATL,26.219851576994433
EV,CAE,12.366554054054054
OO,GRB,12.0336071695295
XE,GRR,14.99306358381503
9E,MEM,18.962426978226233
DL,ORF,13.03564727954972
US,PBI,12.315141430948419
CO,PDX,11.672602739726027
US,SFO,16.1435011269722
CO,SMF,10.986284289276808
NW,TVC,15.959363957597173
EV,GRK,10.266806722689076
9E,IDA,16.858974358974358
US,MHT,14.303951367781155
DL,TYS,19.592057761732853
OO,ACV,10.308943089430894
AA,AUS,12.509803921568627
MQ,AZO,14.098604651162791
OO,BHM,16.550143266475644
FL,BTV,10.313782991202347
OH,BUF,17.52542372881356
OO,FSD,14.221374045801527
AA,ICT,10.99818676337262
DL,JAX,15.633408071748878
OH,JFK,40.886276814575375
OH,RIC,18.390217391304347
XE,SDF,14.700822264389627
CO,SEA,13.508044030482642
DL,BNA,18.139794967381174
YV,MEM,15.213359273670557
F9,PHL,28.19573643410853
EV,RDU,13.876254180602007
UA,OAK,12.282442748091603
B6,HOU,16.75034293552812
NW,SJU,19.61764705882353
CO,BWI,14.345084745762712
CO,CLE,16.367092983062566
OH,ILM,12.597222222222221
DL,JAN,12.252354048964218
UA,JFK,34.417705418468586
OO,MKG,7.782051282051282
OO,MRY,9.98842169408897
AS,YAK,7.451310861423221
MQ,BHM,17.78987341772152
OH,VPS,12.979166666666666
9E,ORF,17.260964912280702
OO,MTJ,12.108695652173912
CO,BOS,24.569872197779173
US,GEG,13.254205607476635
OO,GRR,12.321402483564645
WN,JAX,9.641042669765897
CO,MSP,21.70619006102877
DL,OAK,15.300411522633745
B6,PIT,18.51143790849673
F9,SAN,14.673147023086269
EV,SGF,13.481395348837209
US,SNA,16.61372679045093
UA,TUL,11.469040247678018
OO,MFR,10.289836888331243
XE,OMA,13.979831426851295
UA,BOI,11.72232824427481
XE,MFE,11.204195804195804
EV,GRB,9.942760942760943
EV,BWI,12.285714285714286
DL,ABQ,14.04820415879017
UA,BTV,15.116279069767442
DL,CLT,22.23316302833256
DL,ELP,12.945679012345678
YV,FLG,15.485905044510385
F9,LAS,16.838897721250664
XE,MIA,16.688741721854306
US,PIT,14.875504032258064
B6,RIC,15.114469453376206
FL,SAT,12.002583979328165
9E,DCA,17.99846625766871
9E,ERI,13.521782178217821
OO,TYS,13.987381703470032
OO,ELP,12.158991228070175
9E,SAT,15.156441717791411
EV,ALB,15.978746014877789
AA,BDL,14.369219105382866
XE,JAX,13.078863090472378
XE,LGB,12.223146747352496
WN,MCI,9.736028800886182
AA,MCO,15.506554071086462
NW,PHX,18.58731884057971
US,RDU,16.64867688022284
9E,RDU,14.124901806755695
YV,RKS,13.601123595505618
EV,TPA,12.5962441314554
UA,BZN,14.663212435233161
DL,DAY,15.832848837209303
EV,EWR,29.057926829268293
EV,HSV,14.333547145606158
YV,SBN,14.427094105480869
MQ,TYS,13.059159314997405
OO,GJT,11.326289620882536
EV,JFK,41.81395348837209
OH,CRW,10.24087591240876
OO,GCC,11.668639053254438
9E,BIL,10.529411764705882
9E,AUS,15.158605174353205
WN,FLL,15.642375944791324
HA,HNL,10.886745796241346
OO,PSP,12.047732696897375
AS,SIT,12.053554040895813
B6,SJC,13.893203883495145
MQ,TVC,12.689095127610209
AS,OME,5.66622864651774
EV,SRQ,11.700431034482758
CO,STT,12.121546961325967
OH,GRB,13.051948051948052
YV,ATW,14.58157894736842
OO,CDC,10.896341463414634
DL,HDN,19.805825242718445
OO,CLE,16.414927768860352
MQ,LBB,8.663705583756345
YV,MRY,11.119940029985008
HA,OGG,6.85457334076966
NW,PDX,16.84802043422733
OH,RDU,18.029135338345863
AS,SCC,6.1557223264540335
NW,SJC,15.539741219963032
FL,SRQ,10.249101796407185
US,TPA,12.975440379403794
YV,TUS,13.77472720872932
EV,GRR,12.397222222222222
OH,TVC,13.796875
OO,MOD,10.419093851132686
EV,PVD,16.150410209662716
OO,ROA,14.467353951890034
AA,BNA,12.537738183617916
NW,BOS,21.901357166501157
AA,DAY,13.092470277410833
OH,DTW,21.075249853027632
YV,GJT,12.461627236006924
OO,HDN,15.093103448275862
US,IAH,16.573170731707318
MQ,MAF,9.127672955974843
NW,RDU,16.46748229233741
CO,RDU,16.695912263210367
OO,SAT,13.32601880877743
OO,SMF,12.000485790624241
NW,TPA,16.484926470588235
YV,OMA,12.138728323699421
F9,SJC,11.729525862068966
MQ,GJT,12.416058394160585
OH,SRQ,13.195804195804195
EV,EYW,9.18086500655308
XE,SRQ,11.366120218579235
EV,LYH,9.077922077922079
MQ,AMA,8.696830265848671
MQ,CHS,12.923708920187794
9E,FAR,13.151515151515152
EV,GSP,13.283038501560874
CO,LAX,14.952364149611856
MQ,MCI,11.846938775510203
YV,ORF,15.157085561497325
WN,RDU,9.461630266141544
F9,SMF,10.634888438133874
MQ,CAE,11.74095682613769
YV,CID,17.971238938053098
XE,GSO,15.028398791540786
YV,LAX,13.409302325581395
CO,OMA,16.750915750915752
MQ,JAX,13.613805970149254
NW,DSM,13.285714285714286
XE,ABQ,11.78427476582458
9E,BHM,15.982426778242678
MQ,FAT,10.232866617538688
YV,ICT,13.26204238921002
MQ,LAX,17.427429125272596
XE,TUL,11.651162790697674
FL,HOU,9.68993993993994
MQ,MRY,10.932349323493234
FL,PWM,11.845733041575492
EV,FLL,17.61737089201878
XE,ROC,19.456152758132955
EV,ATW,11.648881239242685
9E,DEN,20.033407572383073
OH,FLL,20.995744680851065
XE,IDA,11.063091482649842
OO,LMT,10.8
EV,BQK,9.86049926578561
MQ,CID,12.141441749231294
EV,CMH,12.496527777777779
UA,DFW,16.0676028739386
WN,HOU,9.153230082321752
UA,IAD,19.757962771458118
HA,ITO,7.851930036188178
XE,OKC,11.92628693268352
FL,PHF,11.242413793103449
UA,RDU,16.298589822194973
WN,RSW,9.145898778359511
MQ,SHV,8.361091672498251
OO,SJC,12.832029795158286
AA,SJU,14.573805818268886
AA,SNA,14.653412856196157
MQ,BDL,14.782297965915339
OO,JAC,17.312180143295805
DL,FAI,13.782051282051283
DL,LIH,13.584905660377359
FL,SAN,14.364341085271318
US,EGE,22.307692307692307
OH,COS,17.643564356435643
DL,CLE,16.81192660550459
AA,DEN,15.858281986226894
F9,PHX,14.672424824056302
DL,STL,15.697742885181551
XE,TUS,11.223083548664944
9E,LEX,13.514632405424697
US,ROC,12.845018450184503
B6,SRQ,13.897435897435898
YV,GRR,14.583333333333334
DL,VPS,13.77683615819209
9E,SUX,10.72972972972973
AA,HDN,16.833333333333332
EV,AZO,8.172413793103448
FL,BMI,10.55091649694501
B6,BUF,15.40640952921157
MQ,BUF,16.654332129963898
OO,DAY,13.163693599160545
UA,DEN,16.248080216074992
OO,HPN,20.743310208126857
UA,LIH,11.736375158428391
US,ORD,19.6812828410944
AA,PDX,12.941715782580223
XE,PHX,15.595219123505975
XE,PIT,18.861710631494805
MQ,ROC,16.718937446443874
WN,SAN,11.627736699729486
NW,SNA,16.8270202020202
9E,MCI,14.317876754118364
NW,SDF,16.420289855072465
OH,DEN,20.045454545454547
YV,BNA,16.233570159857905
AA,COS,14.897834912043301
NW,JFK,34.59700476514636
US,LAS,20.56166243321363
CO,LGA,27.52135493372607
OH,MDT,14.930167597765363
OH,MYR,13.228155339805825
B6,PHX,15.182178217821782
DL,PIT,18.794736842105262
AA,RDU,14.26277865345643
UA,SAN,15.945652173913043
MQ,SBP,11.72888888888889
EV,SDF,13.893229166666666
EV,CVG,16.876590330788805
AS,DLG,6.684684684684685
B6,PDX,12.092664092664092
NW,SAT,15.667129951355108
NW,STT,14.375
MQ,CHA,12.116930572472594
UA,DCA,18.23003543199782
CO,DFW,19.61154949784792
XE,DFW,15.91456953642384
MQ,EWR,29.446060606060605
AA,LAX,17.784443620865375
MQ,MEM,17.7027027027027
XE,MKE,15.36569274269557
F9,MSP,16.062862669245646
US,MSY,12.347661785545583
AA,SAT,11.823181549379065
CO,TPA,16.35032978183663
OH,ATW,12.486538461538462
UA,DSM,13.718705035971222
NW,HNL,21.872907625542467
YV,BUF,16.114186851211073
YV,JFK,29.577215189873417
OO,ASE,13.815533980582524
EV,CAK,13.993456276026174
EV,CLE,14.625517812758906
XE,GSP,12.858624454148472
AS,LAX,16.358130841121497
MQ,LIT,11.345991561181435
EV,PFN,8.782692307692308
EV,PHF,11.340411840411841
US,PVD,14.611998064828253
AA,SFO,18.090680388793597
EV,JAN,11.218707015130674
OO,ORF,15.859788359788359
EV,PWM,15.298833819241983
MQ,TLH,10.128712871287128
OH,TPA,17.3444976076555
MQ,ABI,9.681726907630521
AS,ADK,7.070422535211268
MQ,CWA,9.895652173913044
UA,SJU,18.088757396449704
EV,CHA,10.934027777777779
F9,SDF,12.979002624671915
NW,RST,12.649390243902438
MQ,ATL,22.188053097345133
YV,CAE,16.19926873857404
CO,CLT,34.57142857142857
MQ,DAY,19.72984441301273
CO,DTW,19.014445173998688
YV,HNL,11.374189364461738
UA,MSP,16.80403309203723
9E,OKC,16.189078498293515
OO,ORD,20.35578407667434
HA,PDX,15.016453382084094
OO,RDM,11.190857142857142
F9,GEG,11.195729537366548
XE,LAS,16.859375
OH,BTR,10.627659574468085
YV,CMH,14.447368421052632
NW,BHM,16.91949152542373
OO,ABQ,12.881441441441442
OH,BWI,19.50610193826274
XE,BWI,16.57129000969932
UA,BWI,15.488022284122563
OH,DCA,19.181685338528982
B6,DEN,18.541822721598002
F9,IAH,15.108374384236454
EV,ILM,9.449695121951219
EV,MLI,12.581752484191508
NW,MSN,15.008434370057985
US,OAK,12.689964157706093
AA,ORD,18.92560717954682
CO,PIT,17.47746243739566
NW,PVD,17.17940199335548
AA,SAN,17.094258589511753
UA,SAT,12.655614973262033
AA,SEA,17.142683814608105
AS,SJC,12.62671090833679
OO,BMI,15.527675276752767
MQ,BMI,14.425619834710744
FL,CHS,12.020787746170678
OH,MEM,17.573378839590443
AS,OAK,12.443711037770443
DL,PHX,18.940426887543804
FL,SWF,10.874301675977653
AS,GEG,14.87187751813054
XE,PVD,20.4136078782453
NW,MSO,16.873015873015873
US,HNL,15.665876777251185
OO,GUC,25.0
CO,AUS,16.255232558139536
OO,AUS,14.0
MQ,BNA,13.907827854964419
EV,CHO,11.629337539432177
XE,IAH,17.071519667069406
9E,IND,18.203965449548487
XE,MSY,10.143014705882353
AA,OKC,12.23110386079391
9E,PIA,15.952286282306163
WN,TUL,8.485805677728909
9E,BTV,19.424198250728864
US,RSW,12.65614186851211
US,FAT,14.921052631578947
UA,AUS,12.664438502673796
EV,ATL,20.64486372288577
UA,ATL,20.763708873379862
XE,BTV,20.953153153153153
DL,BWI,16.049169209901663
F9,DEN,14.864156495204883
CO,EWR,30.06426565339501
EV,GPT,10.844171060339777
AA,JFK,34.04609489462414
CO,MIA,19.65345080763583
FL,MSY,10.335204490777867
AA,ONT,12.304615384615385
OO,SBA,10.431245745405038
EV,TLH,10.245991983967937
US,ATL,20.582194311045438
NW,EWR,26.452546720410407
XE,IAD,22.86495791889824
MQ,IND,17.68857282981854
XE,LAX,17.50201460589272
MQ,LEX,13.081908190819082
9E,LGA,34.3260462211118
DL,MCO,16.400954136398134
MQ,MLI,13.427972027972029
MQ,RDU,16.011505365947983
FL,RSW,11.53486394557823
WN,STL,9.314111747851003
9E,TYS,13.562253743104806
OO,ICT,14.665720369056068
US,KOA,12.34108527131783
YV,GSO,18.126885536823426
YV,BHM,15.728079911209766
YV,SDF,17.542961608775137
YV,ABE,14.937759336099585
NW,EGE,22.847826086956523
9E,ABE,15.937414965986395
NW,ALB,18.743703703703705
AA,ATL,21.050805246554873
WN,AUS,9.89475318224154
OO,AZO,15.722727272727273
FL,DAY,11.617154811715482
CO,DEN,16.46938775510204
F9,IND,12.221206581352833
EV,MHT,16.879732739420934
WN,PHL,20.874093681666476
AA,RIC,14.795755968169761
YV,ROA,16.617753623188406
OO,SDF,16.94621513944223
EV,BMI,15.000979431929482
UA,GRR,17.28683914510686
F9,JAC,13.66304347826087
EV,SYR,12.74812734082397
UA,TPA,15.273972602739725
CO,DAB,19.404411764705884
OH,SGF,18.952095808383234
CO,HDN,21.542056074766354
XE,AVL,17.169249106078667
9E,AVL,14.893066980023502
YV,BFL,11.391176470588235
B6,BOS,20.491474637939646
OO,CIC,10.985337243401759
XE,FAT,9.458069620253164
DL,IAD,18.16980221900627
YV,ITO,9.401947148817802
B6,JAX,17.600407747196737
UA,MSO,12.902127659574468
WN,MSY,7.804327076041998
OH,PIT,18.078504672897196
FL,PNS,9.356608478802993
EV,SBN,10.705111402359108
OO,SLC,19.191801207842325
EV,SWF,13.845901639344262
XE,DEN,15.974977658623772
FL,DTW,12.793142857142858
MQ,PIA,13.023980815347722
EV,DSM,12.77494199535963
XE,HSV,12.498136645962733
EV,DHN,9.096116504854368
9E,ATL,23.68001643047854
WN,CMH,8.968762568708943
MQ,FWA,13.250881316098708
YV,FWA,15.477218225419664
UA,KOA,12.818024263431543
DL,LAS,18.772649572649573
FL,MCO,13.687082036681455
MQ,MIA,14.145718050065875
US,MIA,17.26963993453355
US,MSP,19.090790048013968
WN,OKC,7.921406782702315
9E,OMA,13.773606370875996
WN,PDX,9.291756659467243
DL,PNS,12.763809523809524
DL,RSW,13.9
OO,TUS,11.834104046242775
EV,AUS,11.574683544303797
US,CLE,16.27739251040222
EV,ORF,11.287185354691076
FL,SEA,14.658421672555948
US,ALB,15.213725490196078
XE,CRP,12.865591397849462
OH,HSV,14.0625
9E,MGM,13.67265725288832
UA,ROC,16.388111888111887
OH,AVP,13.634782608695652
9E,BWI,16.83695652173913
9E,MYR,12.391608391608392
US,BUF,13.327596098680436
XE,GPT,12.010344827586207
OH,JAX,16.654761904761905
EV,MDT,12.08034188034188
MQ,MDT,16.107558139534884
CO,OAK,12.154811715481172
B6,ORD,23.29221148379761
AS,PDX,13.964755692871037
CO,RNO,10.56501182033097
NW,SMF,14.5856
AA,STL,14.116074752438388
CO,BDL,15.918181818181818
F9,STL,14.497536945812808
F9,DCA,16.715337423312885
OH,MCI,16.27208480565371
YV,TEX,20.908396946564885
EV,AVL,13.996939556235654
9E,AVP,16.45904761904762
OO,BUR,14.726507713884994
OO,CMH,12.392498325519089
MQ,DBQ,12.404494382022472
DL,GPT,13.77859778597786
MQ,HPN,20.198911729141475
XE,MHT,20.102964959568734
WN,PIT,11.820697560176846
OO,RAP,11.565682281059063
OO,RNO,13.469656992084433
OO,SNA,14.275892080069626
EV,BTV,15.055727554179567
US,STT,10.828629032258064
DL,ROC,15.838574423480084
OO,MSY,12.203619909502262
EV,SCE,14.991150442477876
F9,RSW,13.355855855855856
MQ,CLT,24.764294403892944
EV,GNV,8.889715832205683
MQ,GRR,16.72835963653754
OH,IAD,22.656748140276303
OO,LAS,16.091954022988507
NW,PHL,23.74223397224058
YV,RNO,12.44296577946768
OH,SAT,14.833333333333334
UA,SEA,16.06821480406386
EV,XNA,15.25938566552901
OO,BTM,10.681467181467182
MQ,CLL,8.870731707317074
OH,OMA,13.00925925925926
XE,CHS,17.555855855855857
CO,HNL,17.92073732718894
US,SJU,15.066666666666666
EV,PHL,24.983870967741936
F9,AUS,11.18440594059406
9E,BGR,17.548281505728315
US,DFW,16.726347443904697
XE,GEG,12.383709981167609
FL,ICT,11.339950372208436
MQ,JAN,10.4229460379193
UA,LGA,30.45738203957382
EV,MLU,10.169863013698631
9E,MSP,20.919139554284353
EV,BUF,14.563025210084033
OH,CMH,15.154683065279091
MQ,SFO,15.806163828061639
XE,VPS,11.965625
XE,MDW,17.774193548387096
EV,TOL,14.295652173913043
OH,ACK,20.581632653061224
DL,DEN,17.291330645161292
YV,GRB,14.140569395017794
9E,GSO,16.855327468230694
9E,IAD,21.02536997885835
NW,JAX,16.410543130990416
XE,LIT,11.679708826205642
AA,MSP,18.3138246628131
OH,PHL,27.210680321872715
MQ,SJT,7.765838011226944
OO,XNA,15.843726521412473
NW,FLL,21.162954279015242
US,MDT,15.343347639484978
AS,PSG,8.460652591170826
NW,COS,17.524663677130047
NW,MHT,19.219158200290277
YV,MKE,16.375
YV,LGA,32.34878587196468
DL,STX,13.785714285714286
EV,HOU,11.134228187919463
FL,ATL,17.295336787564768
OH,AUS,15.110424710424711
WN,BDL,9.86183535208376
FL,DFW,14.30623973727422
YV,DRO,12.627705627705629
B6,EWR,27.812738853503184
WN,GEG,9.563574715427464
9E,JAX,15.35725938009788
MQ,SYR,14.600654664484452
AS,KTN,12.0178671133445
9E,RAP,12.063829787234043
MQ,ROW,8.68695652173913
DL,SDF,15.494518879415347
XE,ORD,19.051020408163264
YV,ILM,15.778461538461539
WN,BOI,8.466079114572658
MQ,DCA,17.22447599729547
AA,ELP,12.60685406237967
NW,FAR,15.00418410041841
MQ,ORF,13.426136363636363
CO,SAT,14.09294964028777
NW,BIL,12.292880258899677
XE,MOB,12.337209302325581
NW,OMA,15.75
DL,PHF,13.060344827586206
OH,OKC,14.532859680284192
AS,ADQ,6.396116504854369
XE,LCH,14.861219195849547
YV,SJC,11.533980582524272
EV,BDL,12.674418604651162
YV,IND,13.856382978723405
OO,CLT,21.087719298245613
F9,JAX,13.745762711864407
EV,MDW,14.8125
AQ,HNL,9.4121875
9E,SLC,22.4
CO,IAD,19.77777777777778
EV,MFE,8.1
CO,ORF,13.0
OH,TLH,9.5
CO,PSE,15.588235294117647
9E,FCA,42.666666666666664
YV,CLD,15.794871794871796
YV,SMF,12.745454545454546
OH,FWA,10.73076923076923
OO,RIC,18.0
NW,XNA,17.333333333333332
AQ,RNO,12.298245614035087
AQ,OGG,5.744601638123604
AQ,SMF,11.102564102564102
OH,ACY,13.0
EV,CRP,9.833333333333334
AQ,SAN,14.724137931034482
EV,TUP,12.3
OO,PVD,12.5
OH,CHO,8.5
NW,AUS,19.016393442622952
F9,MEM,15.076923076923077
AQ,KOA,7.357303370786517
9E,MDW,17.0
F9,TUL,12.5
9E,BZN,16.8
OO,LIT,10.578947368421053
AQ,ITO,7.081749049429658
B6,BNA,18.38888888888889
AQ,OAK,10.895604395604396
B6,CMH,16.75
OH,ERI,7.0
9E,CPR,20.93548387096774
AQ,SNA,8.719594594594595
NW,CID,18.342105263157894
CO,PSP,16.093023255813954
OH,SWF,11.5
CO,BHM,19.5
AQ,LIH,5.98692152917505
AQ,LAS,10.7
YV,MSP,28.2
EV,BOS,18.959183673469386
OH,AGS,17.428571428571427
OH,MSN,10.12
9E,SRQ,15.5
OH,MLB,10.0
CO,AGS,12.0
CO,GSO,16.571428571428573
YV,AGS,15.5
OH,SBN,9.0
DL,CAK,14.192307692307692
YV,DAY,11.666666666666666
YV,FAY,16.3
OH,XNA,15.040816326530612
DL,PWM,16.791666666666668
NW,SBN,12.666666666666666
F9,BTR,8.0
YV,BTV,10.8125
