Origin,origin_avg_density
MBS,1.101581217057978
XNA,2.344864444660383
ELM,1.0
DLH,1.0012399256044637
PIT,4.996455808360495
SHV,1.5599197726892864
TUS,3.253798375537506
ACY,1.0
BMI,1.958131586442609
CAK,1.8472286196837095
FLL,7.096243854473943
SMX,1.0
GTR,1.0
CWA,1.176227084565346
DFW,24.546504378518883
MHT,2.7192480880566077
MSO,1.134777376654633
EWR,13.638456172983027
GSP,2.0642201834862384
JAX,4.185071492042976
PHL,10.817431749241658
EYW,1.0
RDU,6.783980474816952
BQN,1.0
STX,1.0
CMX,1.0
BGR,1.1886973180076628
CAE,2.078784690253847
HPN,1.582200564247243
SCC,1.0
SGF,2.11275565123789
BDL,4.0678676536163385
IAH,19.828514657605254
OMA,3.550659696290764
EKO,1.0
CRP,1.2647223780145822
CLL,1.0
BHM,3.11984126984127
PSC,1.0342224458983391
ERI,1.0
CID,1.6197995748557545
MLU,1.2576306259699948
TOL,1.0017953321364452
TYR,1.0
FWA,1.2673992673992673
LGA,10.93353871715878
OAK,6.184438461377914
PBI,3.3534611135129944
FAY,1.0
GRB,1.5577914518543157
MSN,2.185856754306437
RHI,1.0
EWN,1.0
ROC,2.5029879562379334
RST,1.077562326869806
JAN,2.1451595573224456
ORD,31.161666257276423
SAN,9.003501302484525
SYR,2.3201284796573876
ATW,1.4741054613935969
GJT,1.3927524646949108
HNL,5.48031682792639
TVC,1.147324113048707
RFD,1.0
PSE,1.0578231292517006
ACK,1.0
MDW,8.496907091758798
EVV,1.4571023398723706
KTN,1.0
ADK,1.0
CHO,1.0817610062893082
MAF,1.3953048087845512
RNO,3.0627774254914395
SEA,9.871084337349398
BQK,1.0
CSG,1.0
LAN,1.2160472386245225
CDC,1.0
MCN,1.0
RIC,3.602750863879667
MOT,1.0
HLN,1.0453579021970234
MEM,16.957551777229607
RDD,1.0
BIS,1.178074568725654
MCI,6.334007163103426
OTZ,1.0
SLE,1.0
PMD,1.0
FLG,1.0
MRY,1.478231292517007
OXR,1.0
SBA,2.429961912822683
BGM,1.0
DCA,8.607004322287487
HHH,1.0
ISP,1.7088871514203805
AEX,1.1950659781985082
CLE,9.585044897306162
FCA,1.2300177619893429
INL,1.0
BPT,1.0
CIC,1.0
PWM,1.7229754488823745
SJC,5.697661521397541
PIH,1.0
PUB,1.0
SUX,1.0
BUF,3.234857466879736
TWF,1.0913107511045654
COS,2.6220571970295463
LIT,2.2139892254702818
MOB,1.6194616977225673
TPA,7.833628946434906
FSM,1.3495426095329803
PNS,1.9747025844386707
AKN,1.0
ACV,1.0059127864005912
ROA,1.3549273655280722
TRI,1.0179063360881542
AUS,5.495951470394303
DAY,2.4285961422022315
JAC,1.434214822069866
BRW,1.0
FAI,1.0099763717511159
GPT,1.83851712221175
GRR,2.2707398645892813
MGM,1.1743734557006706
SBP,1.5598272138228941
BZN,1.229317046085508
CLD,1.0
IYK,1.0
EUG,1.5766374071573261
GGG,1.0
LCH,1.0
LYH,1.0
DRO,1.1578947368421053
MTJ,1.3679435483870968
PHX,21.348451210487365
BRO,1.0
AZO,1.1796690307328606
BFL,1.8494418731282332
ILM,1.2354851806739748
STL,6.487031206494035
YUM,1.1811023622047243
ADQ,1.0
SWF,1.6269558056546802
SNA,5.370930856320054
OAJ,1.0
COD,1.0194594594594595
DEN,24.766652294561815
SFO,12.59643547676934
GTF,1.1172950329144224
CEC,1.0
HDN,1.2871954380508035
ICT,2.235225731447394
VLD,1.0
ALO,1.0
IDA,1.3770778652668416
PHF,1.3277848911651728
SMF,5.454022002793228
SPI,1.0
ELP,2.6754034861200773
ITO,1.545757626271045
GRK,1.2316724849254206
RSW,3.573408573408573
AMA,1.3675305975521959
LGB,2.5014622398073283
MKG,1.0
HSV,1.9561881188118813
TYS,2.0288452136501416
YAK,1.0
BET,1.0
DAB,1.2945736434108528
GSO,2.3007007007007005
RKS,1.2911877394636015
CRW,1.5372112917023097
GEG,2.5477171583978904
TXK,1.0
ABQ,4.474389660124461
CMI,1.0
FAR,1.263537906137184
LRD,1.3190921228304406
MSP,16.526263368109703
SAV,2.2891291974957313
SDF,2.972201132979034
MQT,1.0
BTR,1.6347122576705846
KOA,1.8400125562414984
PFN,1.3119643469317792
SAT,5.250807601641395
GUC,1.0
CMH,3.9470237399134604
DAL,5.385195849674825
SJU,3.0861075167627336
ASE,1.3291201982651797
FLO,1.0
HRL,1.010085092971951
IAD,10.255626896211105
PSP,2.065764666740601
RAP,1.2291666666666667
SJT,1.0
AVL,1.2714558169103625
BIL,1.4447011261911638
CHA,1.4973478939157567
DTW,24.2305444692017
HOU,5.388443880042981
SCE,1.082004555808656
ROW,1.0
ATL,40.270461111564515
BOS,11.786772516991261
EGE,1.2693574958813838
FNT,1.8739143456124587
JFK,11.487656001815294
PDX,6.342739003998546
YKM,1.0
MLB,1.0
BUR,3.7163647163647164
SUN,1.032579185520362
LSE,1.0
LAX,17.989457181573464
ACT,1.0
BTM,1.0
CDV,1.0
DSM,2.5313585967234817
FAT,1.9441128594682582
MFE,1.1491841491841492
SGU,1.0
AGS,1.0
ALB,2.257782101167315
WYS,1.0
GCC,1.0
OTH,1.0
LMT,1.0
BNA,6.013702460850112
BTV,1.9774809160305344
LFT,1.430976430976431
MEI,1.0
SPS,1.0
DLG,1.0
ANC,2.1982100552777046
MSY,4.599260932046808
MYR,1.3019145802650958
PVD,3.050875729774812
FSD,1.3099579242636745
ONT,4.225551882265116
PIA,1.4960668633235006
SRQ,1.6572620703357839
MFR,1.6651552935842213
PLN,1.0
BWI,10.149823023550008
SBN,1.392388099705173
JNU,1.432831414230883
IND,4.944322298950237
LIH,1.7778333500050014
MCO,12.228924169373222
MKE,5.385892376119777
MLI,1.7146321746160065
SLC,19.930947348644967
LBB,1.3933806146572103
LNK,1.0264666960741067
STT,1.7173174872665535
MOD,1.0
LWB,1.0
BOI,2.1394190235303134
DBQ,1.0
LEX,2.1816377827754994
TUL,3.3922303629238373
IPL,1.0
CLT,16.63069667738478
PSG,1.0
GST,1.0
ORF,2.400562474889514
TEX,1.0
BLI,1.0
CVG,20.239388794567063
VPS,1.4287111284959906
ABY,1.0
GFK,1.0
LWS,1.0
ABE,1.6866197183098592
GNV,1.0
MDT,1.6815859030837004
MIA,6.563993889976549
TLH,1.8119156338334421
OGG,2.270210631895687
WRG,1.0
BJI,1.0
LAW,1.1790754257907543
OKC,3.401190724879883
SIT,1.0
LAS,15.709682330641048
CPR,1.2688121154756271
AVP,1.7751479289940828
CHS,2.4944656488549617
OME,1.0
ITH,1.0
RDM,1.201142857142857
ABI,1.0
DHN,1.0
TUP,1.0
